aes_AddRoundKey.c,0
aes_AES_CBC_encrypt_buffer.c,0
aes_AES_CTR_xcrypt_buffer.c,0
aes_Cipher.c,0
aes_InvCipher.c,0
aes_KeyExpansion.c,0.4738015607580825
aes_SubBytes.c,0
bkdrhash_file_main.c,0.36788874841972186
bkdrhash_main.c,0.27548209366391185
bphash_file_main.c,0.36835443037974686
bphash_main.c,0.27624309392265195
bubblesort_bubblesort.c,0.2765957446808511
bubblesort_file_bubblesort.c,0.2765957446808511
bubblesort_file_main.c,0
bubblesort_main.c,0
dekhash_file_main.c,0.36835443037974686
dekhash_main.c,0.27624309392265195
djbhash_file_main.c,0.36835443037974686
djbhash_main.c,0.27624309392265195
elfhash_ELFHash.c,0.28254847645429365
elfhash_file_ELFHash.c,0.28254847645429365
elfhash_file_main.c,0.36835443037974686
elfhash_main.c,0.2770083102493075
fnvhash_file_main.c,0.36835443037974686
fnvhash_main.c,0.27624309392265195
insertionsort_file_insertionSort.c,0
insertionsort_file_main.c,0
insertionsort_insertionSort.c,0
insertionsort_main.c,0
jshash_file_main.c,0.3688212927756654
jshash_main.c,0.2770083102493075
mergesort_file_main.c,0.21451104100946372
mergesort_file_merge.c,0
mergesort_main.c,0
mergesort_merge.c,0
naval_battle_flatten_positionBoat.c,0
pjwhash_file_main.c,0.36835443037974686
pjwhash_file_PJWHash.c,0
pjwhash_main.c,0.2770083102493075
pjwhash_PJWHash.c,0
quicksort_file_main.c,0.21451104100946372
quicksort_file_partition.c,0
quicksort_main.c,0
quicksort_partition.c,0.37170263788968827
rshash_file_main.c,0.36835443037974686
rshash_main.c,0.27624309392265195
sdbmhash_file_main.c,0.36788874841972186
sdbmhash_main.c,0.27548209366391185
selectionsort_file_main.c,0
selectionsort_file_selectionSort.c,0
selectionsort_main.c,0
selectionsort_selectionSort.c,0
